{"out":{"mean":0.4831016999367538,"stdDev":0.0017214915491174816},"strikeout":{"mean":0.13441271659720158,"stdDev":0.002026564836354105},"walk":{"mean":0.0611354425637976,"stdDev":0.0005433246327793291},"fielders_choice":{"mean":0.058345647979544786,"stdDev":0.0002887823305845311},"single":{"mean":0.17007892648375414,"stdDev":0.0012361129269782456},"triple":{"mean":0.026652534923601087,"stdDev":0.0003112057678711158},"home_run":{"mean":0.02995172542667658,"stdDev":0.00029455629693522},"anticapitalism":{"mean":0.5477340041000296,"stdDev":0.09267802649720833},"baseThirst":{"mean":0.5413209300943281,"stdDev":0.0905086780578696},"buoyancy":{"mean":0.5194852772886039,"stdDev":0.07752551680546277},"chasiness":{"mean":0.512789976662782,"stdDev":0.07861584310105212},"coldness":{"mean":0.480340855679475,"stdDev":0.08511309802651706},"continuation":{"mean":0.5277436719889973,"stdDev":0.09147307053046311},"divinity":{"mean":0.5505082858565092,"stdDev":0.09004479066244693},"groundFriction":{"mean":0.522778687144131,"stdDev":0.10061800160764976},"indulgence":{"mean":0.5524452683763974,"stdDev":0.08933188209520586},"laserlikeness":{"mean":0.5036759226323567,"stdDev":0.088241464179059},"martyrdom":{"mean":0.5171284805951926,"stdDev":0.09118828842530556},"moxie":{"mean":0.5372146465244153,"stdDev":0.08396700596778908},"musclitude":{"mean":0.5335010094116514,"stdDev":0.09497136629255344},"omniscience":{"mean":0.480264956719038,"stdDev":0.09299100680151806},"overpowerment":{"mean":0.49038685304641944,"stdDev":0.0950733121498035},"patheticism":{"mean":0.5249098665874328,"stdDev":0.08580729213490436},"ruthlessness":{"mean":0.49746780746361385,"stdDev":0.08432434187644793},"shakespearianism":{"mean":0.5063196371479192,"stdDev":0.089677452493709},"suppression":{"mean":0.4924052767244279,"stdDev":0.07633117713014383},"tenaciousness":{"mean":0.5423056582059913,"stdDev":0.0803706355304611},"thwackability":{"mean":0.5245132229549735,"stdDev":0.08451242177893793},"unthwackability":{"mean":0.49340571249916826,"stdDev":0.08219096135060755},"watchfulness":{"mean":0.49533269333355967,"stdDev":0.09183808423398228},"pressurization":{"mean":0.5152577077986039,"stdDev":0.08758716203250112},"totalFingers":{"mean":10.1731843575419,"stdDev":0.15436472020224046},"soul":{"mean":5.5139664804469275,"stdDev":4.551480915077544},"cinnamon":{"mean":0.5205759454736538,"stdDev":0.07936739654100008},"fate":{"mean":52.597765363128495,"stdDev":794.8996598108664},"coffee":{"mean":7.050279329608938,"stdDev":14.427639586779453},"blood":{"mean":6.910614525139665,"stdDev":13.444524203364436}}
